name,website,district,state,party,committee,press_release_url,press_release_text,found_method,status,
"Aguilar, Pete",https://aguilar.house.gov/,California 33rd,California,D,Appropriations,https://aguilar.house.gov/category/congress_press_release/,Press Releases,direct,success,
"Aderholt, Robert",https://aderholt.house.gov/,Alabama 4th,Alabama,R,Appropriations,https://aderholt.house.gov/media-center/press-releases,press releases,direct,success,
"Allen, Rick",https://allen.house.gov,Georgia 12th,Georgia,R,Education and Workforce|Energy and Commerce,https://allen.house.gov/news/documentquery.aspx?DocumentTypeID=27,Press Releases,via_menu:MEDIA,success,
"Adams, Alma",https://adams.house.gov,North Carolina 12th,North Carolina,D,Agriculture|Education and Workforce,https://adams.house.gov/media-center,Media Center,via_menu:Media Center,success,
"Amo, Gabe",https://amo.house.gov,Rhode Island 1st,Rhode Island,D,"Budget|Foreign Affairs|Science, Space, and Technology",https://amo.house.gov/press-releases,press releases,direct,success,
"Alford, Mark",https://alford.house.gov,Missouri 4th,Missouri,R,Appropriations|Small Business,https://alford.house.gov/news/documentquery.aspx?DocumentTypeID=27,Press Releases,via_menu:MEDIA,success,
"Amodei, Mark",https://amodei.house.gov,Nevada 2nd,Nevada,R,Appropriations|Natural Resources,https://amodei.house.gov/news-releases,news releases,direct,success,
"Babin, Brian",https://babin.house.gov,Texas 36th,Texas,R,"Transportation and Infrastructure|Science, Space, and Technology",https://babin.house.gov/news/documentquery.aspx?DocumentTypeID=27,,,not_found,
"Auchincloss, Jake",https://auchincloss.house.gov,Massachusetts 4th,Massachusetts,D,Energy and Commerce,https://auchincloss.house.gov/media/press-releases,press-releases,direct,success,
"Ansari, Yassamin",https://ansari.house.gov/,Arizona 3rd,Arizona,D,Oversight and Government Reform|Natural Resources,https://ansari.house.gov/media/press-releases,press-releases,direct,success,
"Arrington, Jodey",https://arrington.house.gov,Texas 19th,Texas,R,Budget|Ways and Means,https://arrington.house.gov/news/documentquery.aspx,NEWSROOM,via_menu:NEWSROOM,success,
"Bacon, Don",https://bacon.house.gov,Nebraska 2nd,Nebraska,R,Agriculture|Armed Services,https://bacon.house.gov/news/,Newsroom,via_menu:Newsroom,success,
"Barragan, Nanette",https://barragan.house.gov,California 44th,California,D,Energy and Commerce,https://barragan.house.gov/category/press-releases/,press-releases,direct,success,
"Barr, Andy",https://barr.house.gov/,Kentucky 6th,Kentucky,R,Financial Services|Foreign Affairs|Select Comm on the Strategic Competition US and China,https://barr.house.gov/press-releases,press-releases,direct,success,
"Balderson, Troy",https://balderson.house.gov,Ohio 12th,Ohio,R,Energy and Commerce,https://balderson.house.gov/news/documentquery.aspx?DocumentTypeID=27,Press Releases,via_menu:IN THE NEWS,success,
"Baird, James",https://baird.house.gov/,Indiana 4th,Indiana,R,"Agriculture|Foreign Affairs|Science, Space, and Technology",https://baird.house.gov/news/documentquery.aspx?DocumentTypeID=27,Press Releases,via_menu:MEDIA,success,
"Balint, Becca",https://balint.house.gov,Vermont At Large,Vermont,D,Budget|Judiciary,https://balint.house.gov/news/documentquery.aspx?DocumentTypeID=27,Press Releases,via_menu:MEDIA,success,
"Beatty, Joyce",https://beatty.house.gov,Ohio 3rd,Ohio,D,Financial Services,https://beatty.house.gov/media-center/press-releases,press-releases,direct,success,
"Bean, Aaron",https://bean.house.gov,Florida 4th,Florida,R,Ways and Means,https://bean.house.gov/media/press-releases,press releases,direct,success,
"Baumgartner, Michael",https://baumgartner.house.gov/,Washington 5th,Washington,R,Education and Workforce|Foreign Affairs|Judiciary,https://baumgartner.house.gov/media/press-releases,press-releases,direct,success,
"Barrett, Tom",https://barrett.house.gov/,Michigan 7th,Michigan,R,Transportation and Infrastructure|Veterans' Affairs,https://barrett.house.gov/media/press-releases,press-releases,direct,success,
"Bentz, Cliff",https://bentz.house.gov,Oregon 2nd,Oregon,R,Energy and Commerce|Natural Resources,https://bentz.house.gov/media/press-releases,press-releases,direct,success,
"Bell, Wesley",https://bell.house.gov/,Missouri 1st,Missouri,D,Armed Services|Oversight and Government Reform,https://bell.house.gov/media/press-releases,press-releases,direct,success,
"Bera, Ami",https://bera.house.gov,California 6th,California,D,Foreign Affairs|Intelligence,https://bera.house.gov/news/press-releases,press-releases,direct,success,
"Begich, Nicholas",https://begich.house.gov/,Alaska At Large,Alaska,R,"Natural Resources|Transportation and Infrastructure|Science, Space, and Technology",https://begich.house.gov/media/press-releases,press-releases,direct,success,
"Bergman, Jack",https://bergman.house.gov,Michigan 1st,Michigan,R,Armed Services|Budget|Veterans' Affairs,https://bergman.house.gov/news/documentquery.aspx?DocumentTypeID=27,Press Releases,via_menu:Media,success,
"Biggs, Andy",https://biggs.house.gov,Arizona 5th,Arizona,R,Oversight and Government Reform|Judiciary,https://biggs.house.gov/media/press-releases,press-releases,direct,success,
"Beyer, Donald",https://beyer.house.gov,Virginia 8th,Virginia,D,"Science, Space, and Technology|Ways and Means",https://beyer.house.gov/news/documentquery.aspx?DocumentTypeID=27,NEWSROOM,via_menu:NEWSROOM,success,
"Bilirakis, Gus",https://bilirakis.house.gov/,Florida 12th,Florida,R,Energy and Commerce|Select Comm on the Strategic Competition US and China,https://bilirakis.house.gov/media/press-releases,press releases,direct,success,
"Biggs, Sheri",https://sheribiggs.house.gov/,South Carolina 3rd,South Carolina,R,"Foreign Affairs|Homeland Security|Science, Space, and Technology",https://sheribiggs.house.gov/media/press-releases,press-releases,direct,success,
"Bice, Stephanie",https://bice.house.gov,Oklahoma 5th,Oklahoma,R,Appropriations|House Administration,https://bice.house.gov/media/press-releases,press-releases,direct,success,
"Bonamici, Suzanne",https://bonamici.house.gov,Oregon 1st,Oregon,D,"Education and Workforce|Science, Space, and Technology",https://bonamici.house.gov/media/press-releases,press releases,direct,success,
"Bishop, Sanford",https://bishop.house.gov/,Georgia 2nd,Georgia,D,Appropriations,https://bishop.house.gov/media-center/press-releases,press releases,direct,success,
"Bost, Mike",https://bost.house.gov/,Illinois 12th,Illinois,R,Agriculture|Transportation and Infrastructure|Veterans' Affairs,https://bost.house.gov/press-releases,press-releases,direct,success,
"Boyle, Brendan",https://boyle.house.gov/,Pennsylvania 2nd,Pennsylvania,D,Budget|Ways and Means,https://boyle.house.gov/media-center/press-releases,press releases,direct,success,
"Boebert, Lauren",https://boebert.house.gov,Colorado 4th,Colorado,R,Oversight and Government Reform|Natural Resources,https://boebert.house.gov/media/press-releases,press-releases,direct,success,
"Bresnahan, Robert",https://bresnahan.house.gov/,Pennsylvania 8th,Pennsylvania,R,Agriculture|Transportation and Infrastructure|Small Business,https://bresnahan.house.gov/media/press-releases,press-releases,direct,success,
"Buchanan, Vern",https://buchanan.house.gov/,Florida 16th,Florida,R,Joint Committee on Taxation|Ways and Means,https://buchanan.house.gov/press-releases,press-releases,direct,success,
"Brown, Shontel",https://shontelbrown.house.gov,Ohio 11th,Ohio,D,Agriculture|Oversight and Government Reform|Select Comm on the Strategic Competition US and China,https://shontelbrown.house.gov/media/press-releases,press releases,direct,success,
"Brownley, Julia",https://juliabrownley.house.gov,California 26th,California,D,Natural Resources|Transportation and Infrastructure|Veterans' Affairs,https://juliabrownley.house.gov/category/press-releases/,press-releases,direct,success,
"Brecheen, Josh",https://brecheen.house.gov,Oklahoma 2nd,Oklahoma,R,Budget|Homeland Security,https://brecheen.house.gov/news/documentquery.aspx?DocumentTypeID=27,,,not_found,
"Bynum, Janelle",https://bynum.house.gov/,Oregon 5th,Oregon,D,Financial Services,https://bynum.house.gov/media/press-releases,press-releases,direct,success,
"Calvert, Ken",https://calvert.house.gov/,California 41st,California,R,Appropriations,https://calvert.house.gov/media/press-releases,press releases,direct,success,
"Burlison, Eric",https://burlison.house.gov,Missouri 7th,Missouri,R,Oversight and Government Reform|Transportation and Infrastructure,https://burlison.house.gov/media/press-releases,press releases,direct,success,
"Burchett, Tim",https://burchett.house.gov,Tennessee 2nd,Tennessee,R,Foreign Affairs|Oversight and Government Reform|Transportation and Infrastructure,https://burchett.house.gov/media/press-releases,press releases,direct,success,
"Carson, Andre",https://carson.house.gov/,Indiana 7th,Indiana,D,Intelligence|Transportation and Infrastructure|Select Comm on the Strategic Competition US and China,https://carson.house.gov/media/press-releases,"MEDIA
»",direct,success,
"Carey, Mike",https://carey.house.gov,Ohio 15th,Ohio,R,Budget|House Administration|Joint Committee of Congress on the Library|Ways and Means,https://carey.house.gov/?page_id=659,Press Releases,direct,success,
"Cammack, Kat",https://cammack.house.gov,Florida 3rd,Florida,R,Agriculture|Energy and Commerce,https://cammack.house.gov/media/press-releases,press-releases,direct,success,
"Budzinski, Nikki",https://budzinski.house.gov,Illinois 13th,Illinois,D,Agriculture|Veterans' Affairs,https://budzinski.house.gov/press,,,not_found,
"Carter, Troy",https://troycarter.house.gov,Louisiana 2nd,Louisiana,D,Homeland Security|Energy and Commerce,https://troycarter.house.gov/media/press-releases,press-releases,direct,success,
"Carter, John",https://carter.house.gov/,Texas 31st,Texas,R,Appropriations,https://carter.house.gov/news/documentquery.aspx?DocumentTypeID=27,Press Releases,via_menu:NEWS,success,
"Casar, Greg",https://casar.house.gov,Texas 35th,Texas,D,Education and Workforce|Oversight and Government Reform,https://casar.house.gov/media/press-releases,press-releases,direct,success,
"Carter, Earl",https://buddycarter.house.gov/,Georgia 1st,Georgia,R,Budget|Energy and Commerce,https://buddycarter.house.gov/news/documentquery.aspx?DocumentTypeID=27,Newsroom,via_menu:Newsroom,success,
"Carbajal, Salud",https://carbajal.house.gov,California 24th,California,D,Agriculture|Armed Services|Transportation and Infrastructure,https://carbajal.house.gov/news/documentquery.aspx?DocumentTypeID=27,Press Releases,via_menu:MEDIA,success,
"Castro, Joaquin",https://castro.house.gov,Texas 20th,Texas,D,Foreign Affairs|Intelligence,https://castro.house.gov/media-center/press-releases/,press-releases,direct,success,
"Cherfilus-McCormick, Sheila",https://cherfilus-mccormick.house.gov/,Florida 20th,Florida,D,Foreign Affairs|Veterans' Affairs,https://cherfilus-mccormick.house.gov/media/press-releases,press releases,direct,success,
"Casten, Sean",https://casten.house.gov,Illinois 6th,Illinois,D,Financial Services,https://casten.house.gov/media/press-releases,press-releases,direct,success,
"Case, Ed",https://case.house.gov/,Hawaii 1st,Hawaii,D,Appropriations,https://case.house.gov/news/documentquery.aspx?DocumentTypeID=27,NEWSROOM,via_menu:NEWSROOM,success,
"Castor, Kathy",https://castor.house.gov/,Florida 14th,Florida,D,Energy and Commerce|Select Comm on the Strategic Competition US and China,https://castor.house.gov/news/documentquery.aspx?DocumentTypeID=821,Press Release,via_menu:NEWS,success,
"Clark, Katherine",https://katherineclark.house.gov/index.cfm/home,Massachusetts 5th,Massachusetts,D,,https://katherineclark.house.gov/press-releases,press-releases,direct,success,
"Ciscomani, Juan",https://ciscomani.house.gov,Arizona 6th,Arizona,R,Appropriations|Veterans' Affairs,https://ciscomani.house.gov/media/press-releases,press releases,direct,success,
"Cisneros, Gilbert",https://cisneros.house.gov/,California 31st,California,D,Armed Services|Small Business,https://cisneros.house.gov/media/press-releases,press-releases,direct,success,
"Chu, Judy",https://chu.house.gov/,California 28th,California,D,Budget|Ways and Means,https://chu.house.gov/media-center/press-releases,press releases,direct,success,
"Cline, Ben",https://cline.house.gov,Virginia 6th,Virginia,R,Appropriations|Budget|Intelligence|Judiciary,https://cline.house.gov/news/documentquery.aspx?DocumentTypeID=27,PRESS RELEASES,direct,success,
"Cleaver, Emanuel",https://cleaver.house.gov,Missouri 5th,Missouri,D,Financial Services,https://cleaver.house.gov/media-center/press-releases,press releases,direct,success,
"Cloud, Michael",https://cloud.house.gov,Texas 27th,Texas,R,Appropriations|Oversight and Government Reform,https://cloud.house.gov/press-releases,,,not_found,
"Clarke, Yvette",https://clarke.house.gov/,New York 9th,New York,D,Energy and Commerce,https://clarke.house.gov/category/press-release/,,,not_found,
"Clyburn, James",https://clyburn.house.gov/,South Carolina 6th,South Carolina,D,Appropriations,https://clyburn.house.gov/press-releases/,press-releases,direct,success,
"Collins, Mike",https://collins.house.gov,Georgia 10th,Georgia,R,"Natural Resources|Transportation and Infrastructure|Science, Space, and Technology",https://collins.house.gov/media/press-releases,press releases,direct,success,
"Cole, Tom",https://cole.house.gov,Oklahoma 4th,Oklahoma,R,Appropriations,https://cole.house.gov/media-center/press-releases,press releases,direct,success,
"Clyde, Andrew",https://clyde.house.gov,Georgia 9th,Georgia,R,Appropriations|Budget,https://clyde.house.gov/news/documentquery.aspx?DocumentTypeID=27,Press Releases »,via_menu:MEDIA,success,
"Comer, James",https://comer.house.gov/,Kentucky 1st,Kentucky,R,Education and Workforce|Oversight and Government Reform,https://comer.house.gov/press-release,Press Releases,via_menu:Media,success,
"Cohen, Steve",https://cohen.house.gov/,Tennessee 9th,Tennessee,D,Intelligence|Judiciary,https://cohen.house.gov/media-center/press-releases,press releases,direct,success,
"Costa, Jim",https://costa.house.gov/,California 21st,California,D,Agriculture|Foreign Affairs,https://costa.house.gov/media/press-releases,press releases,direct,success,
"Craig, Angie",https://craig.house.gov,Minnesota 2nd,Minnesota,D,Agriculture,https://craig.house.gov/media/press-releases,press releases,direct,success,
"Correa, J.",https://correa.house.gov,California 46th,California,D,Homeland Security|Judiciary,https://correa.house.gov/news/press-releases,press-releases,direct,success,
"Conaway, Herbert",https://conaway.house.gov/,New Jersey 3rd,New Jersey,D,Armed Services|Small Business|Veterans' Affairs,https://conaway.house.gov/media/press-releases,press-releases,direct,success,
"Courtney, Joe",https://courtney.house.gov/,Connecticut 2nd,Connecticut,D,Armed Services|Education and Workforce,https://courtney.house.gov/media-center/press-releases,press releases,direct,success,
"Crawford, Eric",https://crawford.house.gov/,Arkansas 1st,Arkansas,R,Agriculture|Intelligence|Transportation and Infrastructure,https://crawford.house.gov/press-releases,,,not_found,
"Crockett, Jasmine",https://crockett.house.gov,Texas 30th,Texas,D,"Oversight and Government Reform|Judiciary|Select Subcomm to Investigate Questions about Jan 6, 2021",https://crockett.house.gov/media/press-releases,press releases,direct,success,
"Crane, Elijah",https://crane.house.gov,Arizona 2nd,Arizona,R,Oversight and Government Reform|Homeland Security,https://crane.house.gov/media/,,,not_found,
"Crenshaw, Dan",https://crenshaw.house.gov/,Texas 2nd,Texas,R,Energy and Commerce|Intelligence,https://crenshaw.house.gov/press-releases,Congressman Crenshaw Introduces the Stop Gender Trafficking of Minors Act,direct,success,
"Crank, Jeff",https://crank.house.gov/,Colorado 5th,Colorado,R,Armed Services|Natural Resources,https://crank.house.gov/media/press-releases,press-releases,direct,success,
"Davis, Danny",https://davis.house.gov,Illinois 7th,Illinois,D,Ways and Means,https://davis.house.gov/media/press-releases/,"Reps. Davis, LaHood Champion Bill to Help Foster Youth Transition to Adulthood by Improving Access to Legal Representation",direct,success,
"Davids, Sharice",https://davids.house.gov/,Kansas 3rd,Kansas,D,Agriculture|Transportation and Infrastructure,https://davids.house.gov/media/press-releases,press releases,direct,success,
"Crow, Jason",https://crow.house.gov/,Colorado 6th,Colorado,D,Armed Services|Intelligence,https://crow.house.gov/media/press-releases,press releases,direct,success,
"Cuellar, Henry",https://cuellar.house.gov/,Texas 28th,Texas,D,Appropriations,https://cuellar.house.gov/news/documentquery.aspx?DocumentTypeID=1232,Press Release,via_menu:MEDIA,success,
"Dean, Madeleine",https://dean.house.gov,Pennsylvania 4th,Pennsylvania,D,Appropriations|Foreign Affairs,https://dean.house.gov/press-releases,press-releases,direct,success,
"DeGette, Diana",https://degette.house.gov,Colorado 1st,Colorado,D,Energy and Commerce,https://degette.house.gov/newsroom/press-releases,press releases,direct,success,
"Davis, Donald",https://dondavis.house.gov,North Carolina 1st,North Carolina,D,Agriculture|Armed Services,https://dondavis.house.gov/media/press-releases,press releases,direct,success,
"Davidson, Warren",https://davidson.house.gov/,Ohio 8th,Ohio,R,Financial Services|Foreign Affairs,https://davidson.house.gov/press-releases,press-releases,via_menu:Media Center,success,
"De La Cruz, Monica",https://delacruz.house.gov,Texas 15th,Texas,R,Agriculture|Financial Services,https://delacruz.house.gov/news/documentquery.aspx?DocumentTypeID=27,Press Releases,via_menu:MEDIA,success,
"DeLauro, Rosa",https://delauro.house.gov/,Connecticut 3rd,Connecticut,D,Appropriations,https://delauro.house.gov/media-center/press-releases,press releases,direct,success,
"DeSaulnier, Mark",https://desaulnier.house.gov/,California 10th,California,D,Education and Workforce|Transportation and Infrastructure|Ethics,https://desaulnier.house.gov/media-center/press-releases,press releases,direct,success,
"Deluzio, Christopher",https://deluzio.house.gov,Pennsylvania 17th,Pennsylvania,D,Armed Services|Transportation and Infrastructure,https://deluzio.house.gov/media/press-releases,press releases,direct,success,
"Diaz-Balart, Mario",https://mariodiazbalart.house.gov/,Florida 26th,Florida,R,Appropriations,https://mariodiazbalart.house.gov/media-center/press-releases,press-releases,direct,success,
"Dexter, Maxine",https://dexter.house.gov/,Oregon 3rd,Oregon,D,Natural Resources|Veterans' Affairs,https://dexter.house.gov/media/press-releases,press-releases,direct,success,
"DelBene, Suzan",https://delbene.house.gov,Washington 1st,Washington,D,Ways and Means,https://delbene.house.gov/news/documentquery.aspx?DocumentTypeID=27,NEWSROOM,via_menu:E-NEWSLETTER,success,
"Dingell, Debbie",https://debbiedingell.house.gov/,Michigan 6th,Michigan,D,Energy and Commerce|Natural Resources,https://debbiedingell.house.gov/news/documentquery.aspx?DocumentTypeID=27,Press Releases,"via_menu:News &
Updates",success,
"DesJarlais, Scott",https://desjarlais.house.gov/,Tennessee 4th,Tennessee,R,Agriculture|Armed Services,https://desjarlais.house.gov/media-center,,,not_found,
"Dunn, Neal",https://dunn.house.gov,Florida 2nd,Florida,R,Energy and Commerce|Select Comm on the Strategic Competition US and China,https://dunn.house.gov/news/documentquery.aspx?DocumentTypeID=27,Press Releases,via_menu:NEWS,success,
"Edwards, Chuck",https://edwards.house.gov,North Carolina 11th,North Carolina,R,Appropriations|Budget,https://edwards.house.gov/media/press-releases,press releases,direct,success,
"Downing, Troy",https://downing.house.gov/,Montana 2nd,Montana,R,Financial Services|Small Business,https://downing.house.gov/media/press-releases,press-releases,direct,success,
"Donalds, Byron",https://donalds.house.gov,Florida 19th,Florida,R,Financial Services|Oversight and Government Reform,https://donalds.house.gov/news/documentquery.aspx?DocumentTypeID=27,PRESS ROOM,direct,success,
"Doggett, Lloyd",https://doggett.house.gov,Texas 37th,Texas,D,Budget|Joint Committee on Taxation|Ways and Means,https://doggett.house.gov/media/press-releases,press-releases,direct,success,
"Ellzey, Jake",https://ellzey.house.gov/,Texas 6th,Texas,R,Appropriations|Small Business,https://ellzey.house.gov/press-releases,press-releases,direct,success,
"Emmer, Tom",https://emmer.house.gov/,Minnesota 6th,Minnesota,R,Financial Services,https://emmer.house.gov/media-center/press-releases,press-releases,direct,success,
"Espaillat, Adriano",https://espaillat.house.gov,New York 13th,New York,D,Appropriations,https://espaillat.house.gov/media/press-releases,,,error,
"Escobar, Veronica",https://escobar.house.gov,Texas 16th,Texas,D,Appropriations|Budget,https://escobar.house.gov/news/documentquery.aspx?DocumentTypeID=27,newsroom,via_menu:NEWS,success,
"Elfreth, Sarah",https://elfreth.house.gov/,Maryland 3rd,Maryland,D,Armed Services|Natural Resources,https://elfreth.house.gov/media/press-releases,press-releases,direct,success,
"Fallon, Pat",https://fallon.house.gov,Texas 4th,Texas,R,Armed Services|Oversight and Government Reform|Intelligence,https://fallon.house.gov/news/documentquery.aspx?DocumentTypeID=27,Press Releases,via_menu:MEDIA,success,
"Evans, Gabe",https://gabeevans.house.gov/,Colorado 8th,Colorado,R,Homeland Security|Energy and Commerce,https://gabeevans.house.gov/media/press-releases,press-releases,direct,success,
"Evans, Dwight",https://evans.house.gov/,Pennsylvania 3rd,Pennsylvania,D,Ways and Means,https://evans.house.gov/media/press-releases,press releases,direct,success,
"Estes, Ron",https://estes.house.gov/,Kansas 4th,Kansas,R,Budget|Ways and Means,https://estes.house.gov/news/documentquery.aspx?DocumentTypeID=27,,,not_found,
"Ezell, Mike",https://ezell.house.gov,Mississippi 4th,Mississippi,R,Natural Resources|Transportation and Infrastructure,https://ezell.house.gov/news/documentquery.aspx?DocumentTypeID=27,Press Releases,via_menu:VIEW ALL NEWS,success,
"Fine, Randy",https://fine.house.gov/,Florida 6th,Florida,R,Education and Workforce|Foreign Affairs,https://fine.house.gov/news/documentquery.aspx?DocumentTypeID=27,Press Releases,via_menu:Media,success,
"Feenstra, Randy",https://feenstra.house.gov,Iowa 4th,Iowa,R,Agriculture|Ways and Means,https://feenstra.house.gov/media/press-releases,press-releases,direct,success,
"Fields, Cleo",https://fields.house.gov/,Louisiana 6th,Louisiana,D,Financial Services,https://fields.house.gov/media/press-releases,press-releases,direct,success,
"Figures, Shomari",https://figures.house.gov/,Alabama 2nd,Alabama,D,Agriculture|Transportation and Infrastructure,https://figures.house.gov/media/press-releases,press-releases,direct,success,
"Fedorchak, Julie",https://fedorchak.house.gov/,North Dakota At Large,North Dakota,R,Energy and Commerce,https://fedorchak.house.gov/media/press-releases,press-releases,"via_menu:MEDIA
»",success,
"Fitzgerald, Scott",https://fitzgerald.house.gov,Wisconsin 5th,Wisconsin,R,Financial Services|Judiciary,https://fitzgerald.house.gov/media/press-releases,press-releases,direct,success,
"Fitzpatrick, Brian",https://fitzpatrick.house.gov/,Pennsylvania 1st,Pennsylvania,R,Intelligence|Ways and Means,https://fitzpatrick.house.gov/press-releases,press-releases,direct,success,
"Fischbach, Michelle",https://fischbach.house.gov,Minnesota 7th,Minnesota,R,Rules|Ways and Means,https://fischbach.house.gov/press-releases,press-releases,direct,success,
"Finstad, Brad",https://finstad.house.gov/,Minnesota 1st,Minnesota,R,Agriculture|Armed Services|Small Business,https://finstad.house.gov/press-releases,press-releases,direct,success,
"Fleischmann, Charles",https://fleischmann.house.gov/,Tennessee 3rd,Tennessee,R,"Appropriations|Science, Space, and Technology",https://fleischmann.house.gov/media/press-releases,press releases,direct,success,
"Flood, Mike",https://flood.house.gov/,Nebraska 1st,Nebraska,R,Financial Services,https://flood.house.gov/media/press-releases,"Media
»",direct,success,
"Fong, Vince",https://fong.house.gov/,California 20th,California,R,"Homeland Security|Transportation and Infrastructure|Science, Space, and Technology",https://fong.house.gov/media/press-releases,press-releases,direct,success,
"Foushee, Valerie",https://foushee.house.gov,North Carolina 4th,North Carolina,D,"Transportation and Infrastructure|Science, Space, and Technology",https://foushee.house.gov/media/press-releases,press-releases,direct,success,
"Foster, Bill",https://foster.house.gov,Illinois 11th,Illinois,D,"Financial Services|Science, Space, and Technology",https://foster.house.gov/media/press-releases,press releases,direct,success,
"Fletcher, Lizzie",https://fletcher.house.gov,Texas 7th,Texas,D,Energy and Commerce,https://fletcher.house.gov/news/documentquery.aspx?DocumentTypeID=27,Press Releases,via_menu:News,success,
"Friedman, Laura",https://friedman.house.gov/,California 30th,California,D,"Transportation and Infrastructure|Science, Space, and Technology",https://friedman.house.gov/media/press-releases,Media,direct,success,
"Frost, Maxwell",https://frost.house.gov,Florida 10th,Florida,D,Oversight and Government Reform|Transportation and Infrastructure,https://frost.house.gov/media/press-releases,press-releases,direct,success,
"Franklin, Scott",https://franklin.house.gov,Florida 18th,Florida,R,"Appropriations|Science, Space, and Technology",https://franklin.house.gov/news/documentquery.aspx?DocumentTypeID=27,Press Releases,via_menu:MEDIA,success,
"Fulcher, Russ",https://fulcher.house.gov/,Idaho 1st,Idaho,R,Energy and Commerce|Natural Resources,https://fulcher.house.gov/category/press-releases/,press-releases,direct,success,
"Frankel, Lois",https://frankel.house.gov,Florida 22nd,Florida,D,Appropriations,https://frankel.house.gov/news/documentquery.aspx?DocumentTypeID=27,Press Releases,via_menu:MEDIA CENTER,success,
"Foxx, Virginia",https://foxx.house.gov/,North Carolina 5th,North Carolina,R,Education and Workforce|Oversight and Government Reform|Rules,https://foxx.house.gov/news/documentquery.aspx?DocumentTypeID=2367,Press Releases,via_menu:NEWS,success,
"Garcia, Jesus",https://chuygarcia.house.gov/,Illinois 4th,Illinois,D,Judiciary|Transportation and Infrastructure,https://chuygarcia.house.gov/media/press-releases,press releases,direct,success,
"Garbarino, Andrew",https://garbarino.house.gov,New York 2nd,New York,R,Financial Services|Homeland Security|Ethics,https://garbarino.house.gov/media/press-releases,press-releases,direct,success,
"Garcia, Robert",https://robertgarcia.house.gov,California 42nd,California,D,Oversight and Government Reform|Transportation and Infrastructure,https://robertgarcia.house.gov/media/press-releases,press releases,direct,success,
"Garamendi, John",https://garamendi.house.gov/,California 8th,California,D,Armed Services|Transportation and Infrastructure,https://garamendi.house.gov/media/press-releases,press releases,direct,success,
"Fry, Russell",https://fry.house.gov,South Carolina 7th,South Carolina,R,Energy and Commerce|Judiciary,https://fry.house.gov/news/documentquery.aspx?DocumentTypeID=27,Press Releases,via_menu:MEDIA,success,
"Gimenez, Carlos",https://gimenez.house.gov,Florida 28th,Florida,R,Armed Services|Homeland Security|Select Comm on the Strategic Competition US and China,https://gimenez.house.gov/press-releases,press-releases,direct,success,
"Gill, Brandon",https://gill.house.gov/,Texas 26th,Texas,R,Budget|Oversight and Government Reform|Judiciary,https://gill.house.gov/media/press-releases,press-releases,direct,success,
"Garcia, Sylvia",https://sylviagarcia.house.gov/,Texas 29th,Texas,D,Financial Services|Ethics,https://sylviagarcia.house.gov/media/press-releases,press releases,direct,success,
"Gillen, Laura",https://gillen.house.gov/,New York 4th,New York,D,"Transportation and Infrastructure|Science, Space, and Technology",https://gillen.house.gov/media/press-releases,press-releases,direct,success,
"Golden, Jared",https://golden.house.gov,Maine 2nd,Maine,D,Armed Services|Natural Resources,https://golden.house.gov/media/press-releases,press releases,direct,success,
"Gonzales, Tony",https://gonzales.house.gov,Texas 23rd,Texas,R,Appropriations|Homeland Security,https://gonzales.house.gov/press-releases,press-releases,direct,success,
"Goldman, Daniel",https://goldman.house.gov,New York 10th,New York,D,Homeland Security|Judiciary,https://goldman.house.gov/media/press-releases,press releases,direct,success,
"Goldman, Craig",https://craiggoldman.house.gov/,Texas 12th,Texas,R,Energy and Commerce,https://craiggoldman.house.gov/media/press-releases,press-releases,direct,success,
"Gonzalez, Vicente",https://gonzalez.house.gov,Texas 34th,Texas,D,Financial Services,https://gonzalez.house.gov/media/press-releases,press releases,direct,success,
"Gomez, Jimmy",https://gomez.house.gov/,California 34th,California,D,Intelligence|Ways and Means,https://gomez.house.gov/news/documentquery.aspx?DocumentTypeID=27,Press Releases,via_menu:NEWS,success,
"Gooden, Lance",https://gooden.house.gov,Texas 5th,Texas,R,Armed Services|Judiciary,https://gooden.house.gov/press-releases,press-releases,direct,success,
"Goodlander, Maggie",https://goodlander.house.gov/,New Hampshire 2nd,New Hampshire,D,Armed Services|Small Business,https://goodlander.house.gov/media/press-releases/,press-releases,direct,success,
"Gosar, Paul",https://gosar.house.gov/,Arizona 9th,Arizona,R,Oversight and Government Reform|Natural Resources,https://gosar.house.gov/news/documentquery.aspx?DocumentTypeID=27,Press Releases,via_menu:VIEW ALL NEWS,success,
"Graves, Sam",https://graves.house.gov/,Missouri 6th,Missouri,R,Armed Services|Transportation and Infrastructure,https://graves.house.gov/media/press-releases,press-releases,direct,success,
"Gottheimer, Josh",https://gottheimer.house.gov,New Jersey 5th,New Jersey,D,Financial Services|Intelligence,https://gottheimer.house.gov/press,,,not_found,
"Gray, Adam",https://gray.house.gov/,California 13th,California,D,Agriculture|Natural Resources,https://gray.house.gov/media/press-releases,press-releases,direct,success,
"Green, Al",https://algreen.house.gov,Texas 9th,Texas,D,Financial Services|Homeland Security,https://algreen.house.gov/media/press-releases,press-releases,direct,success,
"Grijalva, Adelita",https://grijalva.house.gov/,Arizona 7th,Arizona,D,Education and Workforce|Natural Resources,https://grijalva.house.gov/media/press-releases,press-releases,direct,success,
"Griffith, H.",https://morgangriffith.house.gov/,Virginia 9th,Virginia,R,"House Administration|Energy and Commerce|Select Subcomm to Investigate Questions about Jan 6, 2021|Rules",https://morgangriffith.house.gov/news/documentquery.aspx?DocumentTypeID=2235,NEWSROOM,via_menu:NEWSROOM,success,
"Guest, Michael",https://guest.house.gov,Mississippi 3rd,Mississippi,R,Appropriations|Homeland Security|Ethics,https://guest.house.gov/media/press-releases,"MEDIA
»",direct,success,
"Greene, Marjorie Taylor",https://clerk.house.gov/members/GA14/vacancy,Georgia 14th,Georgia,,,,,,timeout,已辞职
"Grothman, Glenn",https://grothman.house.gov,Wisconsin 6th,Wisconsin,R,Budget|Education and Workforce|Oversight and Government Reform|Judiciary,https://grothman.house.gov/news/documentquery.aspx?DocumentTypeID=27,Press Releases,via_menu:MEDIA,success,
"Hamadeh, Abraham",https://hamadeh.house.gov/,Arizona 8th,Arizona,R,Armed Services|Veterans' Affairs,https://hamadeh.house.gov/news/documentquery.aspx?DocumentTypeID=27,PRESS RELEASES,via_menu:MEDIA,success,
"Haridopolos, Mike",https://haridopolos.house.gov/,Florida 8th,Florida,R,"Financial Services|Science, Space, and Technology",https://haridopolos.house.gov/media/press-releases,press-releases,direct,success,
"Harder, Josh",https://harder.house.gov/,California 9th,California,D,Appropriations,https://harder.house.gov/media/press-releases,press releases,direct,success,
"Guthrie, Brett",https://guthrie.house.gov/,Kentucky 2nd,Kentucky,R,Energy and Commerce,https://guthrie.house.gov/news/documentquery.aspx?DocumentTypeID=2381,NEWSROOM,via_menu:NEWSROOM,success,
"Hageman, Harriet",https://hageman.house.gov,Wyoming At Large,Wyoming,R,"Natural Resources|Judiciary|Select Subcomm to Investigate Questions about Jan 6, 2021",https://hageman.house.gov/media/press-releases,press releases,direct,success,
"Harris, Mark",https://markharris.house.gov/,North Carolina 8th,North Carolina,R,Agriculture|Education and Workforce|Judiciary,https://markharris.house.gov/media/press-releases,press-releases,direct,success,
"Hayes, Jahana",https://hayes.house.gov,Connecticut 5th,Connecticut,D,Agriculture|Education and Workforce,https://hayes.house.gov/press-releases,press-releases,direct,success,
"Harshbarger, Diana",https://harshbarger.house.gov,Tennessee 1st,Tennessee,R,Energy and Commerce,https://harshbarger.house.gov/media/press-releases,press-releases,direct,success,
"Harris, Andy",https://harris.house.gov/,Maryland 1st,Maryland,R,Appropriations,https://harris.house.gov/media/press-releases,press releases,direct,success,
"Harrigan, Pat",https://harrigan.house.gov/,North Carolina 10th,North Carolina,R,"Armed Services|Science, Space, and Technology",https://harrigan.house.gov/media/press-releases,press-releases,direct,success,
"Hernandez, Pablo",https://hernandez.house.gov/,Puerto Rico Resident Commissioner,Puerto Rico,D,Homeland Security|Natural Resources,https://hernandez.house.gov/media/press-releases,press-releases,direct,success,
"Higgins, Clay",https://clayhiggins.house.gov,Louisiana 3rd,Louisiana,R,"Armed Services|Oversight and Government Reform|Select Subcomm to Investigate Questions about Jan 6, 2021",https://clayhiggins.house.gov/category/media/press-releases/,Skip to content,via_menu:Media,success,
"Hern, Kevin",https://hern.house.gov,Oklahoma 1st,Oklahoma,R,Ways and Means,https://hern.house.gov/news/documentquery.aspx?DocumentTypeID=27,Press Releases,via_menu:Media,success,
"Hill, J.",https://hill.house.gov/,Arkansas 2nd,Arkansas,R,Financial Services|Intelligence,https://hill.house.gov/news/documentquery.aspx?DocumentTypeID=27,Press Releases,via_menu:MEDIA,success,
"Himes, James",https://himes.house.gov/,Connecticut 4th,Connecticut,D,Financial Services|Intelligence,https://himes.house.gov/press-releases,press-releases,direct,success,
"Houchin, Erin",https://houchin.house.gov,Indiana 9th,Indiana,R,Budget|Energy and Commerce|Rules,https://houchin.house.gov/media/press-releases,press releases,direct,success,
"Horsford, Steven",https://horsford.house.gov,Nevada 4th,Nevada,D,Ways and Means,https://horsford.house.gov/media/press-releases,press releases,direct,success,
"Houlahan, Chrissy",https://houlahan.house.gov/,Pennsylvania 6th,Pennsylvania,D,Armed Services|Intelligence,https://houlahan.house.gov/news/documentquery.aspx?DocumentTypeID=27,More Press Releases,via_menu:PRESS,success,
"Hoyer, Steny",https://hoyer.house.gov/,Maryland 5th,Maryland,D,Appropriations,https://hoyer.house.gov/media,NEWSROOM,via_menu:NEWSROOM,success,
"Hinson, Ashley",https://hinson.house.gov,Iowa 2nd,Iowa,R,Appropriations|Ethics|Select Comm on the Strategic Competition US and China,https://hinson.house.gov/media/press-releases,press-releases,direct,success,
"Hunt, Wesley",https://hunt.house.gov,Texas 38th,Texas,R,Natural Resources|Judiciary,https://hunt.house.gov/media/press-releases,press releases,direct,success,
"Hoyle, Val",https://hoyle.house.gov,Oregon 4th,Oregon,D,Natural Resources|Transportation and Infrastructure,https://hoyle.house.gov/media/press-releases,press-releases,direct,success,
"Huizenga, Bill",https://huizenga.house.gov/,Michigan 4th,Michigan,R,Financial Services|Foreign Affairs,https://huizenga.house.gov/news/documentquery.aspx?DocumentTypeID=2041,PRESS RELEASES,direct,success,
"Huffman, Jared",https://huffman.house.gov,California 2nd,California,D,Natural Resources|Transportation and Infrastructure,https://huffman.house.gov/media-center/press-releases,press-releases,direct,success,
"Hudson, Richard",https://hudson.house.gov,North Carolina 9th,North Carolina,R,Energy and Commerce,https://hudson.house.gov/media/press-releases,press releases,direct,success,
"Jackson, Jonathan",https://jonathanjackson.house.gov,Illinois 1st,Illinois,D,Agriculture|Foreign Affairs,https://jonathanjackson.house.gov/media/press-releases,press releases,direct,success,
"Issa, Darrell",https://issa.house.gov,California 48th,California,R,"Foreign Affairs|Judiciary|Science, Space, and Technology",https://issa.house.gov/media/press-releases,press-releases,direct,success,
"Ivey, Glenn",https://ivey.house.gov,Maryland 4th,Maryland,D,Appropriations|Ethics,https://ivey.house.gov/media/press-releases,press releases,direct,success,
"Hurd, Jeff",https://hurd.house.gov/,Colorado 3rd,Colorado,R,"Natural Resources|Transportation and Infrastructure|Science, Space, and Technology",https://hurd.house.gov/media/press-releases,press-releases,direct,success,
"Jack, Brian",https://jack.house.gov/,Georgia 3rd,Georgia,R,Oversight and Government Reform|Rules|Small Business,https://jack.house.gov/media/press-releases,press-releases,direct,success,
"Jayapal, Pramila",https://jayapal.house.gov,Washington 7th,Washington,D,Budget|Foreign Affairs|Judiciary,https://jayapal.house.gov/category/news/,PRESS RELEASES,direct,success,
"Jacobs, Sara",https://sarajacobs.house.gov,California 51st,California,D,Armed Services|Foreign Affairs,https://sarajacobs.house.gov/news/press-releases,press-releases,direct,success,
"Jackson, Ronny",https://jackson.house.gov,Texas 13th,Texas,R,Agriculture|Armed Services|Foreign Affairs|Intelligence,https://jackson.house.gov/news/documentquery.aspx?DocumentTypeID=27,Press Releases,via_menu:MEDIA,success,
"Johnson, Dusty",https://dustyjohnson.house.gov/,South Dakota At Large,South Dakota,R,Agriculture|Transportation and Infrastructure|Select Comm on the Strategic Competition US and China,https://dustyjohnson.house.gov/media/press-releases,press releases,direct,success,
"James, John",https://james.house.gov,Michigan 10th,Michigan,R,Energy and Commerce,https://james.house.gov/news/documentquery.aspx?DocumentTypeID=27,Press Releases,via_menu:MEDIA,success,
"Johnson, Henry",https://hankjohnson.house.gov/,Georgia 4th,Georgia,D,Judiciary|Transportation and Infrastructure,https://hankjohnson.house.gov/media-center/press-releases,press releases,direct,success,
"Jeffries, Hakeem",https://jeffries.house.gov,New York 8th,New York,D,,https://jeffries.house.gov/category/press-release/,,,not_found,
"Jordan, Jim",https://jordan.house.gov/,Ohio 4th,Ohio,R,Oversight and Government Reform|Judiciary,https://jordan.house.gov/media/press-releases,press releases,direct,success,
"Joyce, John",https://johnjoyce.house.gov/,Pennsylvania 13th,Pennsylvania,R,Energy and Commerce,https://johnjoyce.house.gov/media/press-releases,press releases,direct,success,
"Johnson, Mike",https://mikejohnson.house.gov,Louisiana 4th,Louisiana,R,,https://mikejohnson.house.gov/news/documentquery.aspx?DocumentTypeID=27,Press Releases,direct,success,
"Johnson, Julie",https://juliejohnson.house.gov/,Texas 32nd,Texas,D,Foreign Affairs|House Administration|Homeland Security|Joint Committee of Congress on the Library,https://juliejohnson.house.gov/media/press-releases,press-releases,direct,success,
"Joyce, David",https://joyce.house.gov,Ohio 14th,Ohio,R,Appropriations,http://joyce.house.gov/press,,,not_found,
"Kean, Thomas",https://kean.house.gov,New Jersey 7th,New Jersey,R,Foreign Affairs|Energy and Commerce,https://kean.house.gov/media/press-releases,press releases,direct,success,
"Kamlager-Dove, Sydney",https://kamlager-dove.house.gov,California 37th,California,D,Foreign Affairs|Judiciary,https://kamlager-dove.house.gov/media/press-releases,,,error,
"Keating, William",https://keating.house.gov/,Massachusetts 9th,Massachusetts,D,Armed Services|Foreign Affairs,https://keating.house.gov/media/press-releases,"KEATING, UKRAINE CAUCUS CO-CHAIRS URGE INTERNATIONAL PARALYMPIC COMMITTEE TO CONTINUE BAN OF RUSSIAN AND BELARUSIAN PARALYMPIC COMMITTEES",direct,success,
"Kaptur, Marcy",https://kaptur.house.gov/,Ohio 9th,Ohio,D,Appropriations|Budget,https://kaptur.house.gov/media-center/press-releases,press releases,direct,success,
"Kelly, Mike",https://kelly.house.gov,Pennsylvania 16th,Pennsylvania,R,Ways and Means,https://kelly.house.gov/media/press-releases,press releases,direct,success,
"Khanna, Ro",https://khanna.house.gov,California 17th,California,D,Armed Services|Oversight and Government Reform|Select Comm on the Strategic Competition US and China,https://khanna.house.gov/media/press-releases,press releases,direct,success,
"Kelly, Robin",https://robinkelly.house.gov/,Illinois 2nd,Illinois,D,Energy and Commerce,https://robinkelly.house.gov/media-center/press-releases,press-releases,direct,success,
"Kennedy, Mike",https://mikekennedy.house.gov/,Utah 3rd,Utah,R,"Natural Resources|Transportation and Infrastructure|Science, Space, and Technology",https://mikekennedy.house.gov/media/press-releases,press-releases,direct,success,
"Kelly, Trent",https://trentkelly.house.gov/,Mississippi 1st,Mississippi,R,Agriculture|Armed Services|Intelligence,https://trentkelly.house.gov/newsroom/documentquery.aspx?DocumentTypeID=27,newsroom,via_menu:Press,success,
"Kennedy, Timothy",https://kennedy.house.gov,New York 26th,New York,D,Homeland Security|Veterans' Affairs,https://kennedy.house.gov/news/documentquery.aspx?DocumentTypeID=27,Press Releases,via_menu:MEDIA,success,
"Knott, Brad",https://knott.house.gov/,North Carolina 13th,North Carolina,R,Homeland Security|Judiciary|Transportation and Infrastructure|Ethics,https://knott.house.gov/media/press-releases,press-releases,direct,success,
"King-Hinds, Kimberlyn",https://king-hinds.house.gov/,Northern Mariana Islands Delegate,Northern Mariana Islands,R,Transportation and Infrastructure|Small Business|Veterans' Affairs,https://king-hinds.house.gov/media/press-releases,press-releases,direct,success,
"Kiley, Kevin",https://kiley.house.gov,California 3rd,California,R,Education and Workforce|Judiciary|Transportation and Infrastructure,https://kiley.house.gov/resources,,,not_found,
"Kim, Young",https://youngkim.house.gov,California 40th,California,R,Financial Services|Foreign Affairs|Select Comm on the Strategic Competition US and China,https://youngkim.house.gov/media/press-releases/,press-releases,direct,success,
"Kiggans, Jennifer",https://kiggans.house.gov,Virginia 2nd,Virginia,R,Armed Services|Natural Resources|Veterans' Affairs,https://kiggans.house.gov/press,,,not_found,
"LaHood, Darin",https://lahood.house.gov/,Illinois 16th,Illinois,R,Intelligence|Ways and Means|Select Comm on the Strategic Competition US and China,https://lahood.house.gov/press-releases,press-releases,direct,success,
"Kustoff, David",https://kustoff.house.gov,Tennessee 8th,Tennessee,R,Ways and Means,https://kustoff.house.gov/media/press-releases,press releases,direct,success,
"Krishnamoorthi, Raja",https://krishnamoorthi.house.gov,Illinois 8th,Illinois,D,Oversight and Government Reform|Intelligence|Select Comm on the Strategic Competition US and China,https://krishnamoorthi.house.gov/media/press-releases,press releases,direct,success,
"LaLota, Nick",https://lalota.house.gov,New York 1st,New York,R,Appropriations|Small Business,https://lalota.house.gov/media/press-releases,press releases,direct,success,
"Landsman, Greg",https://landsman.house.gov,Ohio 1st,Ohio,D,Energy and Commerce,https://landsman.house.gov/press,,,not_found,
"Langworthy, Nicholas",https://langworthy.house.gov,New York 23rd,New York,R,Oversight and Government Reform|Energy and Commerce|Rules,https://langworthy.house.gov/media,"NEWS
»",direct,success,
"Larson, John",https://larson.house.gov/,Connecticut 1st,Connecticut,D,Ways and Means,https://larson.house.gov/media-center/press-releases,press releases,direct,success,
"Larsen, Rick",https://larsen.house.gov,Washington 2nd,Washington,D,Transportation and Infrastructure,https://larsen.house.gov/news/documentquery.aspx?DocumentTypeID=27,Press Releases,via_menu:Media Center,success,
"Latimer, George",https://latimer.house.gov/,New York 16th,New York,D,Foreign Affairs|Small Business,https://latimer.house.gov/media/press-releases,press-releases,direct,success,
"Latta, Robert",https://latta.house.gov/,Ohio 5th,Ohio,R,Energy and Commerce,https://latta.house.gov/news/documentquery.aspx?DocumentTypeID=1456,Newsroom,via_menu:Newsroom,success,
"Lee, Laurel",https://laurellee.house.gov,Florida 15th,Florida,R,House Administration|Energy and Commerce|Judiciary,https://laurellee.house.gov/media/press-releases,press releases,direct,success,
"Lawler, Michael",https://lawler.house.gov,New York 17th,New York,R,Financial Services|Foreign Affairs,https://lawler.house.gov/news/documentquery.aspx?DocumentTypeID=27,Press Releases,via_menu:MEDIA,success,
"LaMalfa, Doug",https://lamalfa.house.gov,California 1st,California,,,https://lamalfa.house.gov/media-center/press-releases,,,timeout,
"Lee, Susie",https://susielee.house.gov,Nevada 3rd,Nevada,D,Appropriations|Natural Resources,https://susielee.house.gov/media/press-releases,press releases,direct,success,
"Lee, Summer",https://summerlee.house.gov,Pennsylvania 12th,Pennsylvania,D,Education and Workforce|Oversight and Government Reform,https://summerlee.house.gov/newsroom/press-releases,press-releases,direct,success,
"Leger Fernandez, Teresa",https://fernandez.house.gov,New Mexico 3rd,New Mexico,D,Natural Resources|Rules,https://fernandez.house.gov/news/documentquery.aspx?DocumentTypeID=27,Press Releases,via_menu:PRESS,success,
"Levin, Mike",https://levin.house.gov/,California 49th,California,D,Appropriations,https://levin.house.gov/media/press-releases,press-releases,direct,success,
"Lieu, Ted",https://lieu.house.gov/,California 36th,California,D,Foreign Affairs|Judiciary,https://lieu.house.gov/media-center/press-releases,press releases,direct,success,
"Letlow, Julia",https://letlow.house.gov,Louisiana 5th,Louisiana,R,Appropriations|Education and Workforce,https://letlow.house.gov/media/press-releases,press-releases,direct,success,
"Liccardo, Sam",https://liccardo.house.gov/,California 16th,California,D,Financial Services,https://liccardo.house.gov/media/press-releases,press-releases,direct,success,
"Lofgren, Zoe",https://lofgren.house.gov/,California 18th,California,D,"Judiciary|Science, Space, and Technology",https://lofgren.house.gov/media/press-releases,press releases,direct,success,
"Lynch, Stephen",https://lynch.house.gov/,Massachusetts 8th,Massachusetts,D,Financial Services|Oversight and Government Reform,https://lynch.house.gov/press-releases,press-releases,direct,success,
"Luttrell, Morgan",https://luttrell.house.gov,Texas 8th,Texas,R,Armed Services|Homeland Security|Veterans' Affairs,https://luttrell.house.gov/media/press-releases,press releases,direct,success,
"Loudermilk, Barry",https://loudermilk.house.gov,Georgia 11th,Georgia,R,"Financial Services|House Administration|Select Subcomm to Investigate Questions about Jan 6, 2021",https://loudermilk.house.gov/category/press-releases/,press-releases,direct,success,
"Lucas, Frank",https://lucas.house.gov,Oklahoma 3rd,Oklahoma,R,Agriculture|Financial Services,https://lucas.house.gov/press,,,not_found,
"Luna, Anna Paulina",https://luna.house.gov,Florida 13th,Florida,R,Foreign Affairs|Oversight and Government Reform,https://luna.house.gov/press-releases,,,not_found,
"Mace, Nancy",https://mace.house.gov,South Carolina 1st,South Carolina,R,Armed Services|Oversight and Government Reform|Veterans' Affairs,https://mace.house.gov/media/press-releases,press-releases,direct,success,
"Malliotakis, Nicole",https://malliotakis.house.gov,New York 11th,New York,R,Ways and Means,https://malliotakis.house.gov/media/press-releases,press-releases,direct,success,
"Mackenzie, Ryan",https://mackenzie.house.gov/,Pennsylvania 7th,Pennsylvania,R,Education and Workforce|Foreign Affairs|Homeland Security,https://mackenzie.house.gov/media/press-releases,press-releases,direct,success,
"Magaziner, Seth",https://magaziner.house.gov,Rhode Island 2nd,Rhode Island,D,Homeland Security|Natural Resources,https://magaziner.house.gov/media/press-releases,press releases,direct,success,
"Mann, Tracey",https://mann.house.gov,Kansas 1st,Kansas,R,Agriculture|Transportation and Infrastructure,https://mann.house.gov/media/press-releases,press-releases,direct,success,
"Mannion, John",https://mannion.house.gov/,New York 22nd,New York,D,Agriculture|Education and Workforce,https://mannion.house.gov/media/press-releases,press-releases,direct,success,
"Massie, Thomas",https://massie.house.gov,Kentucky 4th,Kentucky,R,Judiciary|Transportation and Infrastructure,https://massie.house.gov/news/documentquery.aspx?DocumentTypeID=2362,,,not_found,
"Mast, Brian",https://mast.house.gov,Florida 21st,Florida,R,Foreign Affairs|Transportation and Infrastructure,https://mast.house.gov/press-releases,press-releases,direct,success,
"Maloy, Celeste",https://maloy.house.gov,Utah 2nd,Utah,R,Appropriations|Natural Resources,https://maloy.house.gov/news/documentquery.aspx?DocumentTypeID=27,Press Releases,via_menu:MEDIA,success,
"McClain, Lisa",https://mcclain.house.gov,Michigan 9th,Michigan,R,Financial Services|Education and Workforce,https://mcclain.house.gov/press-releases,press-releases,direct,success,
"McBath, Lucy",https://mcbath.house.gov,Georgia 6th,Georgia,D,Education and Workforce|Judiciary,https://mcbath.house.gov/press-releases,press-releases,direct,success,
"Matsui, Doris",https://matsui.house.gov,California 7th,California,D,Energy and Commerce,https://matsui.house.gov/media/press-releases,press releases,direct,success,
"McCaul, Michael",https://mccaul.house.gov,Texas 10th,Texas,R,Foreign Affairs|Homeland Security,https://mccaul.house.gov/media-center/press-releases,press releases,direct,success,
"McBride, Sarah",https://mcbride.house.gov/,Delaware At Large,Delaware,D,"Foreign Affairs|Science, Space, and Technology",https://mcbride.house.gov/media/press-releases,press-releases,direct,success,
"McCollum, Betty",https://mccollum.house.gov,Minnesota 4th,Minnesota,D,Appropriations,https://mccollum.house.gov/media/press-releases,press releases,direct,success,
"McClain Delaney, April",https://mcclaindelaney.house.gov/,Maryland 6th,Maryland,D,"Agriculture|Science, Space, and Technology",https://mcclaindelaney.house.gov/media/press-releases,press-releases,direct,success,
"McClellan, Jennifer",https://mcclellan.house.gov/,Virginia 4th,Virginia,D,Energy and Commerce,https://mcclellan.house.gov/media/press-releases,press releases,direct,success,
"McCormick, Richard",https://mccormick.house.gov,Georgia 7th,Georgia,R,"Armed Services|Foreign Affairs|Science, Space, and Technology",https://mccormick.house.gov/media/press-releases,"MEDIA
»",direct,success,
"McClintock, Tom",https://mcclintock.house.gov/,California 5th,California,R,Budget|Natural Resources|Judiciary,https://mcclintock.house.gov/newsroom/press-releases,press releases,direct,success,
"McGarvey, Morgan",https://mcgarvey.house.gov,Kentucky 3rd,Kentucky,D,Budget|Small Business|Veterans' Affairs,https://mcgarvey.house.gov/media/press-releases,press-releases,direct,success,
"McDowell, Addison",https://mcdowell.house.gov/,North Carolina 6th,North Carolina,R,Budget|Natural Resources|Transportation and Infrastructure,https://mcdowell.house.gov/media/press-releases,NEWSROOM,direct,success,
"McGovern, James",https://mcgovern.house.gov/,Massachusetts 2nd,Massachusetts,D,Agriculture|Rules,https://mcgovern.house.gov/news/documentquery.aspx?DocumentTypeID=2472,newsroom,via_menu:Newsroom,success,
"McDonald Rivet, Kristen",https://mcdonaldrivet.house.gov/,Michigan 8th,Michigan,D,Agriculture|Transportation and Infrastructure,https://mcdonaldrivet.house.gov/media/press-releases,press-releases,direct,success,
"McGuire, John",https://mcguire.house.gov/,Virginia 5th,Virginia,R,Armed Services|Oversight and Government Reform,https://mcguire.house.gov/media/press-releases,press-releases,direct,success,
"McIver, LaMonica",https://mciver.house.gov/,New Jersey 10th,New Jersey,D,Homeland Security|Small Business,https://mciver.house.gov/media/press-releases,press-releases,direct,success,
"Menendez, Robert",https://menendez.house.gov,New Jersey 8th,New Jersey,D,Energy and Commerce,https://menendez.house.gov/media/press-releases,press-releases,direct,success,
"Meng, Grace",https://meng.house.gov,New York 6th,New York,D,Appropriations,https://meng.house.gov/media-center/press-releases,press releases,direct,success,
"Menefee, Christian",http://menefee.house.gov/,Texas 18th,Texas,D,,https://menefee.house.gov/media/press-releases,press-releases,direct,success,
"Meeks, Gregory",https://meeks.house.gov,New York 5th,New York,D,Financial Services|Foreign Affairs,https://meeks.house.gov/media/press-releases,press-releases,direct,success,
"Miller, Mary",https://marymiller.house.gov,Illinois 15th,Illinois,R,Agriculture|Education and Workforce|House Administration,https://marymiller.house.gov/media/press-releases,press-releases,direct,success,
"Mfume, Kweisi",https://mfume.house.gov/,Maryland 7th,Maryland,D,Foreign Affairs|Oversight and Government Reform,https://mfume.house.gov/media/press-releases,press releases,direct,success,
"Miller, Carol",https://miller.house.gov/,West Virginia 1st,West Virginia,R,Ways and Means,https://miller.house.gov/media/press-releases,press releases,direct,success,
"Meuser, Daniel",https://meuser.house.gov,Pennsylvania 9th,Pennsylvania,R,Financial Services|Small Business,https://meuser.house.gov/media/press-releases,press releases,direct,success,
"Messmer, Mark",https://messmer.house.gov/,Indiana 8th,Indiana,R,Agriculture|Armed Services|Education and Workforce,https://messmer.house.gov/news/documentquery.aspx?DocumentTypeID=27,Press Releases,via_menu:Media,success,
"Min, Dave",https://min.house.gov/,California 47th,California,D,Oversight and Government Reform|Natural Resources,https://min.house.gov/media/press-releases,press-releases,direct,success,
"Mills, Cory",https://mills.house.gov,Florida 7th,Florida,R,Armed Services|Foreign Affairs,https://mills.house.gov/media/press-releases,press releases,direct,success,
"Miller-Meeks, Mariannette",https://millermeeks.house.gov/,Iowa 1st,Iowa,R,Energy and Commerce|Veterans' Affairs,https://millermeeks.house.gov/media/press-releases,press-releases,direct,success,
"Miller, Max",https://maxmiller.house.gov,Ohio 7th,Ohio,R,"Science, Space, and Technology|Ways and Means",https://maxmiller.house.gov/press-releases,,,not_found,
"Moolenaar, John",https://moolenaar.house.gov/,Michigan 2nd,Michigan,R,Appropriations|Select Comm on the Strategic Competition US and China,https://moolenaar.house.gov/media-center/press-releases,press releases,direct,success,
"Moore, Gwen",https://gwenmoore.house.gov,Wisconsin 4th,Wisconsin,D,Ways and Means,https://gwenmoore.house.gov/news/documentquery.aspx?DocumentTypeID=27,Press Releases,via_menu:NEWS,success,
"Moore, Tim",https://timmoore.house.gov/,North Carolina 14th,North Carolina,R,Financial Services|Budget,https://timmoore.house.gov/media/press-releases,press-releases,direct,success,
"Moore, Riley",https://rileymoore.house.gov/,West Virginia 2nd,West Virginia,R,Appropriations,https://rileymoore.house.gov/media/press-releases,press-releases,direct,success,
"Moore, Blake",https://blakemoore.house.gov,Utah 1st,Utah,R,Budget|Ways and Means,https://blakemoore.house.gov/media/press-releases,press-releases,direct,success,
"Moore, Barry",https://barrymoore.house.gov,Alabama 1st,Alabama,R,Agriculture|Judiciary,https://barrymoore.house.gov/media/press-releases,press-releases,direct,success,
"Moskowitz, Jared",https://moskowitz.house.gov,Florida 23rd,Florida,D,"Foreign Affairs|Judiciary|Select Subcomm to Investigate Questions about Jan 6, 2021",https://moskowitz.house.gov/press-releases,,,not_found,
"Moran, Nathaniel",https://moran.house.gov,Texas 1st,Texas,R,Ethics|Ways and Means|Select Comm on the Strategic Competition US and China,https://moran.house.gov/news/documentquery.aspx?DocumentTypeID=27,Press Releases,via_menu:MEDIA,success,
"Morrison, Kelly",https://morrison.house.gov/,Minnesota 3rd,Minnesota,D,Small Business|Veterans' Affairs,https://morrison.house.gov/media/press-releases,press-releases,direct,success,
"Moulton, Seth",https://moulton.house.gov/,Massachusetts 6th,Massachusetts,D,Armed Services|Transportation and Infrastructure|Select Comm on the Strategic Competition US and China,https://moulton.house.gov/news/press-releases,UPDATES,direct,success,
"Morelle, Joseph",https://morelle.house.gov,New York 25th,New York,D,Appropriations|House Administration|Joint Committee of Congress on the Library,https://morelle.house.gov/media/press-releases,PRESS RELEASES,direct,success,
"Murphy, Gregory",https://murphy.house.gov,North Carolina 3rd,North Carolina,R,House Administration|Veterans' Affairs|Ways and Means,https://murphy.house.gov/media/press-releases,press releases,direct,success,
"Nadler, Jerrold",https://nadler.house.gov,New York 12th,New York,D,Judiciary|Transportation and Infrastructure,https://nadler.house.gov/news/documentquery.aspx?DocumentTypeID=1753,Newsroom,via_menu:Newsroom,success,
"Moylan, James",https://moylan.house.gov,Guam Delegate,Guam,R,Armed Services|Education and Workforce|Foreign Affairs,https://moylan.house.gov/media/press-releases,"MEDIA
»",direct,success,
"Mrvan, Frank",https://mrvan.house.gov,Indiana 1st,Indiana,D,Appropriations,https://mrvan.house.gov/media/press-releases,press-releases,direct,success,
"Mullin, Kevin",https://kevinmullin.house.gov,California 15th,California,D,Energy and Commerce,https://kevinmullin.house.gov/category/press_release/,Press Releases,via_menu:MEDIA,success,
"Norcross, Donald",https://norcross.house.gov,New Jersey 1st,New Jersey,D,Armed Services|Education and Workforce,https://norcross.house.gov/press-releases,press-releases,direct,success,
"Neguse, Joe",https://neguse.house.gov/,Colorado 2nd,Colorado,D,Natural Resources|Judiciary|Rules,https://neguse.house.gov/media/press-releases,press releases,direct,success,
"Neal, Richard",https://neal.house.gov/,Massachusetts 1st,Massachusetts,D,Joint Committee on Taxation|Ways and Means,https://neal.house.gov/category/press-releases/,press-releases,direct,success,
"Nehls, Troy",https://nehls.house.gov,Texas 22nd,Texas,R,"Judiciary|Transportation and Infrastructure|Select Subcomm to Investigate Questions about Jan 6, 2021",https://nehls.house.gov/media/press-releases,press releases,direct,success,
"Newhouse, Dan",https://newhouse.house.gov,Washington 4th,Washington,R,Agriculture|Appropriations|Select Comm on the Strategic Competition US and China,https://newhouse.house.gov/media-center/press-releases,press releases,direct,success,
"Ocasio-Cortez, Alexandria",https://ocasio-cortez.house.gov/,New York 14th,New York,D,Energy and Commerce,https://ocasio-cortez.house.gov/media/press-releases,press-releases,direct,success,
"Obernolte, Jay",https://obernolte.house.gov,California 23rd,California,R,"Budget|Energy and Commerce|Science, Space, and Technology",https://obernolte.house.gov/media/press-releases,press-releases,direct,success,
"Norton, Eleanor",https://norton.house.gov/,District of Columbia Delegate,District of Columbia,D,Oversight and Government Reform|Transportation and Infrastructure,https://norton.house.gov/media/press-releases,NEWS & MEDIA,direct,success,
"Norman, Ralph",https://norman.house.gov,South Carolina 5th,South Carolina,R,Financial Services|Budget|Rules,https://norman.house.gov/news/documentquery.aspx?DocumentTypeID=27,Press Releases,via_menu:MEDIA,success,
"Nunn, Zachary",https://nunn.house.gov,Iowa 3rd,Iowa,R,Agriculture|Financial Services|Select Comm on the Strategic Competition US and China,https://nunn.house.gov/category/news/press-releases/,Skip to content,via_menu:NEWS,success,
"Owens, Burgess",https://owens.house.gov,Utah 4th,Utah,R,Education and Workforce|Transportation and Infrastructure,https://owens.house.gov/resources/press,,,not_found,
"Onder, Robert",https://onder.house.gov/,Missouri 3rd,Missouri,R,Education and Workforce|Judiciary|Transportation and Infrastructure,https://onder.house.gov/media/press-releases,press-releases,direct,success,
"Omar, Ilhan",https://omar.house.gov/,Minnesota 5th,Minnesota,D,Budget|Education and Workforce,https://omar.house.gov/media/press-releases,press releases,direct,success,
"Olszewski, Johnny",https://olszewski.house.gov/,Maryland 2nd,Maryland,D,Foreign Affairs|Small Business,https://olszewski.house.gov/media/press-releases,press-releases,direct,success,
"Ogles, Andrew",https://ogles.house.gov,Tennessee 5th,Tennessee,R,Financial Services|Homeland Security,https://ogles.house.gov/media/press-releases,press releases,direct,success,
"Palmer, Gary",https://palmer.house.gov/,Alabama 6th,Alabama,R,Oversight and Government Reform|Energy and Commerce,https://palmer.house.gov/media-center/press-releases,press releases,direct,success,
"Pappas, Chris",https://pappas.house.gov,New Hampshire 1st,New Hampshire,D,Transportation and Infrastructure|Veterans' Affairs,https://pappas.house.gov/media/press-releases,press releases,direct,success,
"Pallone, Frank",https://pallone.house.gov,New Jersey 6th,New Jersey,D,Energy and Commerce,https://pallone.house.gov/media/press-releases,press releases,direct,success,
"Panetta, Jimmy",https://panetta.house.gov,California 19th,California,D,Budget|Ways and Means,https://panetta.house.gov/media/press-releases,press releases,direct,success,
"Patronis, Jimmy",https://patronis.house.gov/,Florida 1st,Florida,R,Transportation and Infrastructure|Small Business,https://patronis.house.gov/media/press-releases,press-releases,direct,success,
"Peters, Scott",https://scottpeters.house.gov,California 50th,California,D,Budget|Energy and Commerce,https://scottpeters.house.gov/press-releases,press-releases,direct,success,
"Pelosi, Nancy",https://pelosi.house.gov/,California 11th,California,D,,https://pelosi.house.gov/news/press-releases,press releases,direct,success,
"Perry, Scott",https://perry.house.gov/,Pennsylvania 10th,Pennsylvania,R,Foreign Affairs|Oversight and Government Reform|Intelligence|Transportation and Infrastructure,https://perry.house.gov/news/documentquery.aspx?DocumentTypeID=2608,press releases,direct,success,
"Pettersen, Brittany",https://pettersen.house.gov,Colorado 7th,Colorado,D,Financial Services,https://pettersen.house.gov/news/documentquery.aspx?DocumentTypeID=27,Press Releases,via_menu:MEDIA,success,
"Perez, Marie",https://gluesenkampperez.house.gov,Washington 3rd,Washington,D,Appropriations,https://gluesenkampperez.house.gov/press,,,not_found,
"Pou, Nellie",https://pou.house.gov/,New Jersey 9th,New Jersey,D,Homeland Security|Transportation and Infrastructure,https://pou.house.gov/media/press-releases,,,timeout,
"Pressley, Ayanna",https://pressley.house.gov,Massachusetts 7th,Massachusetts,D,Financial Services|Oversight and Government Reform,https://pressley.house.gov/category/press-releases/,,,not_found,
"Pocan, Mark",https://pocan.house.gov,Wisconsin 2nd,Wisconsin,D,Appropriations,https://pocan.house.gov/media-center/press-releases,Skip to main content,via_menu:Press Release,success,
"Quigley, Mike",https://quigley.house.gov/,Illinois 5th,Illinois,D,Appropriations|Intelligence,https://quigley.house.gov/media-center/press-releases,Media Center,via_menu:Media Center,success,
"Pfluger, August",https://pfluger.house.gov,Texas 11th,Texas,R,Homeland Security|Energy and Commerce,https://pfluger.house.gov/news/documentquery.aspx?DocumentTypeID=27,Press Releases,via_menu:Media,success,
"Radewagen, Aumua Amata",https://radewagen.house.gov,American Samoa Delegate,American Samoa,R,Foreign Affairs|Natural Resources|Veterans' Affairs,https://radewagen.house.gov/media/press-releases,press-releases,direct,success,
"Pingree, Chellie",https://pingree.house.gov/,Maine 1st,Maine,D,Agriculture|Appropriations,https://pingree.house.gov/news/documentquery.aspx?DocumentTypeID=27,Press Releases,via_menu:Media,success,
"Ramirez, Delia",https://ramirez.house.gov,Illinois 3rd,Illinois,D,Homeland Security|Veterans' Affairs,https://ramirez.house.gov/media/press-releases,press releases,direct,success,
"Raskin, Jamie",https://raskin.house.gov,Maryland 8th,Maryland,D,Judiciary,https://raskin.house.gov/press-releases,press-releases,direct,success,
"Randall, Emily",https://randall.house.gov/,Washington 6th,Washington,D,Oversight and Government Reform|Natural Resources,https://randall.house.gov/media/press-releases,press-releases,direct,success,
"Plaskett, Stacey",https://plaskett.house.gov/,Virgin Islands Delegate,Virgin Islands,D,Budget|Intelligence|Ways and Means,https://plaskett.house.gov/news/documentquery.aspx?DocumentTypeID=27,Press Releases,via_menu:NEWS,success,
"Reschenthaler, Guy",https://reschenthaler.house.gov/,Pennsylvania 14th,Pennsylvania,R,Appropriations,https://reschenthaler.house.gov/media/press-releases,press-releases,direct,success,
"Rogers, Harold",https://halrogers.house.gov/,Kentucky 5th,Kentucky,R,Appropriations,https://halrogers.house.gov/press-releases,press-releases,direct,success,
"Rivas, Luz",https://rivas.house.gov/,California 29th,California,D,"Natural Resources|Science, Space, and Technology",https://rivas.house.gov/media/press-releases,press-releases,direct,success,
"Rose, John",https://johnrose.house.gov/,Tennessee 6th,Tennessee,R,Agriculture|Financial Services,https://johnrose.house.gov/media/press-releases,press releases,direct,success,
"Rogers, Mike",https://mikerogers.house.gov/,Alabama 3rd,Alabama,R,Armed Services,https://mikerogers.house.gov/news/documentquery.aspx?DocumentTypeID=27,Press Releases,via_menu:Media,success,
"Ross, Deborah",https://ross.house.gov,North Carolina 2nd,North Carolina,D,"Judiciary|Ethics|Science, Space, and Technology",https://ross.house.gov/press-releases,press-releases,direct,success,
"Riley, Josh",https://riley.house.gov/,New York 19th,New York,D,"Agriculture|Science, Space, and Technology",https://riley.house.gov/news/,,,not_found,
"Rouzer, David",https://rouzer.house.gov/,North Carolina 7th,North Carolina,R,"Agriculture|Transportation and Infrastructure|Science, Space, and Technology",https://rouzer.house.gov/news/documentquery.aspx?DocumentTypeID=27,newsroom,via_menu:News,success,
"Rutherford, John",https://rutherford.house.gov,Florida 5th,Florida,R,Appropriations,https://rutherford.house.gov/media/press-releases,press releases,direct,success,
"Ryan, Patrick",https://patryan.house.gov/,New York 18th,New York,D,Armed Services|Transportation and Infrastructure,https://patryan.house.gov/media/press-releases,press releases,direct,success,
"Ruiz, Raul",https://ruiz.house.gov,California 25th,California,D,Energy and Commerce,https://ruiz.house.gov/media-center/press-releases,press releases,direct,success,
"Roy, Chip",https://roy.house.gov,Texas 21st,Texas,R,Budget|Judiciary|Rules,https://roy.house.gov/media/press-releases,press releases,direct,success,
"Rulli, Michael A.",https://rulli.house.gov,Ohio 6th,Ohio,R,Education and Workforce|Energy and Commerce,https://rulli.house.gov/newsroom/,Newsroom,via_menu:Newsroom,success,
"Salinas, Andrea",https://salinas.house.gov,Oregon 6th,Oregon,D,"Agriculture|Science, Space, and Technology",https://salinas.house.gov/media/press-releases,press releases,direct,success,
"Salazar, Maria",https://salazar.house.gov,Florida 27th,Florida,R,Financial Services|Foreign Affairs,https://salazar.house.gov/media/press-releases,press-releases,direct,success,
"Sanchez, Linda",https://lindasanchez.house.gov/,California 38th,California,D,Ways and Means,https://lindasanchez.house.gov/media-center/press-releases,press releases,direct,success,
"Scalise, Steve",https://scalise.house.gov/,Louisiana 1st,Louisiana,R,,https://scalise.house.gov/media/press-releases,press releases,direct,success,
"Scanlon, Mary Gay",https://scanlon.house.gov/,Pennsylvania 5th,Pennsylvania,D,Judiciary|Rules,https://scanlon.house.gov/news/documentquery.aspx?DocumentTypeID=27,Press Releases,via_menu:MEDIA,success,
"Schakowsky, Janice",https://schakowsky.house.gov,Illinois 9th,Illinois,D,Energy and Commerce,https://schakowsky.house.gov/media/press-releases,press releases,direct,success,
"Scholten, Hillary",https://scholten.house.gov,Michigan 3rd,Michigan,D,Transportation and Infrastructure|Small Business,https://scholten.house.gov/media/press-releases,press releases,direct,success,
"Schneider, Bradley",https://schneider.house.gov,Illinois 10th,Illinois,D,Foreign Affairs|Ways and Means,https://schneider.house.gov/media/press-releases,press releases,direct,success,
"Scott, Austin",https://austinscott.house.gov/,Georgia 8th,Georgia,R,Agriculture|Armed Services|Intelligence|Rules,https://austinscott.house.gov/press-releases,press-releases,direct,success,
"Schmidt, Derek",https://schmidt.house.gov/,Kansas 2nd,Kansas,R,Armed Services|Judiciary|Small Business,https://schmidt.house.gov/media/press-releases,press-releases,"via_menu:MEDIA
»",success,
"Schrier, Kim",https://schrier.house.gov,Washington 8th,Washington,D,Energy and Commerce,https://schrier.house.gov/media/press-releases,press-releases,direct,success,
"Scott, David",https://davidscott.house.gov/,Georgia 13th,Georgia,D,Agriculture|Financial Services,https://davidscott.house.gov/news/documentquery.aspx?DocumentTypeID=377,Press Releases,via_menu:MEDIA CENTER,success,
"Sewell, Terri",https://sewell.house.gov/,Alabama 7th,Alabama,D,House Administration|Ways and Means,https://sewell.house.gov/press-releases,press-releases,direct,success,
"Sessions, Pete",https://sessions.house.gov,Texas 17th,Texas,R,Financial Services|Oversight and Government Reform,https://sessions.house.gov/press-releases,press-releases,direct,success,
"Schweikert, David",https://schweikert.house.gov/,Arizona 1st,Arizona,R,Ways and Means,https://schweikert.house.gov/category/congress_press_release/,2.1.23 Press Release – Yellen letter,via_menu:Media,success,
"Self, Keith",https://keithself.house.gov,Texas 3rd,Texas,R,"Foreign Affairs|Science, Space, and Technology|Veterans' Affairs",https://keithself.house.gov/media,"MEDIA
»",direct,success,
"Scott, Robert",https://bobbyscott.house.gov,Virginia 3rd,Virginia,D,Budget|Education and Workforce,https://bobbyscott.house.gov/media-center/press-releases,press releases,direct,success,
"Sherrill, Mikie",https://clerk.house.gov/members/NJ11/vacancy,New Jersey 11th,New Jersey,,,https://clerk.house.gov/member_info/vacancies/vacant-office-press-release-NJ11.pdf,Press Release,direct,success,2026年1月任新泽西州州长，辞任联邦众议员
"Shreve, Jefferson",https://shreve.house.gov/,Indiana 6th,Indiana,R,Foreign Affairs|Transportation and Infrastructure,https://shreve.house.gov/media/press-releases,press-releases,direct,success,
"Simon, Lateefah",https://simon.house.gov/,California 12th,California,D,Oversight and Government Reform|Small Business,https://simon.house.gov/media/press-releases,press-releases,direct,success,
"Sherman, Brad",https://sherman.house.gov,California 32nd,California,D,Financial Services|Foreign Affairs,https://sherman.house.gov/media-center/press-releases,press releases,direct,success,
"Simpson, Michael",https://simpson.house.gov,Idaho 2nd,Idaho,R,Appropriations,https://simpson.house.gov/news/documentquery.aspx?DocumentTypeID=1515,Press Releases,via_menu:MEDIA,success,
"Smith, Adrian",https://adriansmith.house.gov/,Nebraska 3rd,Nebraska,R,Joint Committee on Taxation|Ways and Means,https://adriansmith.house.gov/media/press-releases,press releases,direct,success,
"Smith, Adam",https://adamsmith.house.gov/,Washington 9th,Washington,D,Armed Services,https://adamsmith.house.gov/news/press-releases,press releases,direct,success,
"Smith, Christopher",https://chrissmith.house.gov/,New Jersey 4th,New Jersey,R,Foreign Affairs,https://chrissmith.house.gov/news,Newsroom,via_menu:Newsroom,success,
"Smucker, Lloyd",https://smucker.house.gov/,Pennsylvania 11th,Pennsylvania,R,Budget|Ways and Means,https://smucker.house.gov/media/press-releases,press releases,direct,success,
"Smith, Jason",https://jasonsmith.house.gov,Missouri 8th,Missouri,R,Joint Committee on Taxation|Ways and Means,https://jasonsmith.house.gov/category/press_release/,"PRESS RELEASES
Smith Co-Sponsors National FFA Week Resolution, Celebrates Future Farmers in Southeast Missouri
February 26, 2026",via_menu:MEDIA,success,
"Soto, Darren",https://soto.house.gov,Florida 9th,Florida,D,Energy and Commerce|Natural Resources,https://soto.house.gov/media/press-releases,press releases,direct,success,
"Sorensen, Eric",https://sorensen.house.gov,Illinois 17th,Illinois,D,Agriculture|Armed Services,https://sorensen.house.gov/media/press-releases,press releases,direct,success,
"Spartz, Victoria",https://spartz.house.gov,Indiana 5th,Indiana,R,,https://spartz.house.gov/media/press-releases,press-releases,direct,success,
"Stansbury, Melanie",https://stansbury.house.gov/,New Mexico 1st,New Mexico,D,Oversight and Government Reform|Natural Resources,https://stansbury.house.gov/media/press-releases,Skip to main content,"via_menu:Stansbury, Warren, Blumenthal Press Big Tech CEOs on Trump Settlements to Now-Dissolved Library Fund",success,
"Stanton, Greg",https://stanton.house.gov/,Arizona 4th,Arizona,D,Foreign Affairs|Transportation and Infrastructure|Select Comm on the Strategic Competition US and China,https://stanton.house.gov/press-releases,Newsroom,direct,success,
"Stefanik, Elise",https://stefanik.house.gov/,New York 21st,New York,R,Armed Services|Education and Workforce|Intelligence,https://stefanik.house.gov/press-releases,press-releases,direct,success,
"Stauber, Pete",https://stauber.house.gov,Minnesota 8th,Minnesota,R,Natural Resources|Transportation and Infrastructure|Small Business,https://stauber.house.gov/media/press-releases,press releases,direct,success,
"Steil, Bryan",https://steil.house.gov,Wisconsin 1st,Wisconsin,R,Financial Services|House Administration|Joint Committee of Congress on the Library,https://steil.house.gov/media/press-releases,press releases,direct,success,
"Strong, Dale",https://strong.house.gov,Alabama 5th,Alabama,R,Appropriations|Homeland Security,https://strong.house.gov/media/press-releases,press releases,direct,success,
"Stevens, Haley",https://stevens.house.gov/,Michigan 11th,Michigan,D,"Education and Workforce|Science, Space, and Technology|Select Comm on the Strategic Competition US and China",https://stevens.house.gov/media/press-releases,press releases,direct,success,
"Steube, W.",https://steube.house.gov/,Florida 17th,Florida,R,Intelligence|Ways and Means,https://steube.house.gov/category/press-releases/,press-releases,direct,success,
"Stutzman, Marlin",https://stutzman.house.gov/,Indiana 3rd,Indiana,R,Financial Services|Budget,https://stutzman.house.gov/media/press-releases,press-releases,direct,success,
"Strickland, Marilyn",https://strickland.house.gov,Washington 10th,Washington,D,Armed Services|Transportation and Infrastructure,https://strickland.house.gov/category/press_release/,PRESS RELEASES,via_menu:MEDIA CENTER,success,
"Sykes, Emilia",https://sykes.house.gov,Ohio 13th,Ohio,D,"Transportation and Infrastructure|Science, Space, and Technology",https://sykes.house.gov/media/press-releases,press-releases,direct,success,
"Takano, Mark",https://takano.house.gov,California 39th,California,D,Education and Workforce|Veterans' Affairs,https://takano.house.gov/newsroom/press-releases,press-releases,direct,success,
"Subramanyam, Suhas",https://subramanyam.house.gov/,Virginia 10th,Virginia,D,"Oversight and Government Reform|Ethics|Science, Space, and Technology",https://subramanyam.house.gov/media/press-releases,press-releases,direct,success,
"Swalwell, Eric",https://swalwell.house.gov,California 14th,California,D,"Homeland Security|Judiciary|Select Subcomm to Investigate Questions about Jan 6, 2021",https://swalwell.house.gov/media-center/press-releases,REP. SWALWELL TO ATTEND STATE OF THE UNION WITH EPSTEIN SURVIVOR ADVOCATE TERESA J. HELM,direct,success,
"Suozzi, Thomas R.",https://suozzi.house.gov,New York 3rd,New York,D,Ways and Means,https://suozzi.house.gov/media/press-releases,press-releases,direct,success,
"Thompson, Bennie",https://benniethompson.house.gov/,Mississippi 2nd,Mississippi,D,Homeland Security,https://benniethompson.house.gov/media/press-releases,press releases,direct,success,
"Tenney, Claudia",https://tenney.house.gov/,New York 24th,New York,R,"Intelligence|Science, Space, and Technology|Ways and Means",https://tenney.house.gov/media/press-releases,press-releases,direct,success,
"Thanedar, Shri",https://thanedar.house.gov,Michigan 13th,Michigan,D,Agriculture|Homeland Security,https://thanedar.house.gov/media/press-releases,press-releases,direct,success,
"Thompson, Glenn",https://thompson.house.gov,Pennsylvania 15th,Pennsylvania,R,Agriculture|Education and Workforce,https://thompson.house.gov/media-center/press-releases,press releases,direct,success,
"Taylor, David",https://taylor.house.gov/,Ohio 2nd,Ohio,R,Agriculture|Transportation and Infrastructure,https://taylor.house.gov/media/press-releases,press-releases,direct,success,
"Thompson, Mike",https://mikethompson.house.gov/,California 4th,California,D,Ways and Means,https://mikethompson.house.gov/newsroom/press-releases,press releases,direct,success,
"Tiffany, Thomas",https://tiffany.house.gov/,Wisconsin 7th,Wisconsin,R,Natural Resources|Judiciary,https://tiffany.house.gov/media/press-releases,press releases,direct,success,
"Tlaib, Rashida",https://tlaib.house.gov/,Michigan 12th,Michigan,D,Financial Services|Oversight and Government Reform,https://tlaib.house.gov/resources/press,,,not_found,
"Timmons, William",https://timmons.house.gov/,South Carolina 4th,South Carolina,R,Financial Services|Oversight and Government Reform,https://timmons.house.gov/news/documentquery.aspx?DocumentTypeID=27,Press Releases,via_menu:MEDIA,success,
"Titus, Dina",https://titus.house.gov/,Nevada 1st,Nevada,D,Foreign Affairs|Transportation and Infrastructure,https://titus.house.gov/news/documentquery.aspx?DocumentTypeID=27,Press Releases,via_menu:MEDIA,success,
"Tokuda, Jill",https://tokuda.house.gov,Hawaii 2nd,Hawaii,D,Agriculture|Armed Services|Select Comm on the Strategic Competition US and China,https://tokuda.house.gov/media/press-releases,press-releases,direct,success,
"Torres, Norma",https://torres.house.gov/,California 35th,California,D,Appropriations|House Administration,https://torres.house.gov/media-center/press-releases,press-releases,direct,success,
"Tonko, Paul",https://tonko.house.gov/,New York 20th,New York,D,Budget|Energy and Commerce,https://tonko.house.gov/news/documentquery.aspx?DocumentTypeID=27,Press Releases,via_menu:News,success,
"Turner, Michael",https://turner.house.gov/,Ohio 10th,Ohio,R,Armed Services|Oversight and Government Reform,https://turner.house.gov/press-releases,press-releases,direct,success,
"Torres, Ritchie",https://ritchietorres.house.gov,New York 15th,New York,D,Financial Services|Select Comm on the Strategic Competition US and China,https://ritchietorres.house.gov/press,,,not_found,
"Tran, Derek",https://tran.house.gov/,California 45th,California,D,Armed Services|Small Business,https://tran.house.gov/media/press-releases,press-releases,direct,success,
"Trahan, Lori",https://trahan.house.gov,Massachusetts 3rd,Massachusetts,D,Energy and Commerce,https://trahan.house.gov/news/documentquery.aspx?DocumentTypeID=27,Press Releases,via_menu:Media,success,
"Underwood, Lauren",https://underwood.house.gov/,Illinois 14th,Illinois,D,Appropriations,https://underwood.house.gov/media/press-releases,press releases,direct,success,
"Van Duyne, Beth",https://vanduyne.house.gov,Texas 24th,Texas,R,Small Business|Ways and Means,https://vanduyne.house.gov/press-releases,press-releases,direct,success,
"Van Epps, Matt",https://vanepps.house.gov/,Tennessee 7th,Tennessee,R,"Homeland Security|Science, Space, and Technology",https://vanepps.house.gov/media/press-releases,press-releases,direct,success,
"Van Orden, Derrick",https://vanorden.house.gov,Wisconsin 3rd,Wisconsin,R,Agriculture|Armed Services|Veterans' Affairs,https://vanorden.house.gov/media/press-releases,press releases,direct,success,
"Valadao, David",https://valadao.house.gov,California 22nd,California,R,Appropriations|Joint Committee of Congress on the Library,https://valadao.house.gov/news/documentquery.aspx?DocumentTypeID=27,Press Releases,via_menu:MEDIA,success,
"Vargas, Juan",https://vargas.house.gov,California 52nd,California,D,Financial Services,https://vargas.house.gov/media/press-releases,press-releases,direct,success,
"Van Drew, Jefferson",https://vandrew.house.gov,New Jersey 2nd,New Jersey,R,Judiciary|Transportation and Infrastructure,https://vandrew.house.gov/news/documentquery.aspx?DocumentTypeID=27,,,not_found,
"Vasquez, Gabe",https://vasquez.house.gov,New Mexico 2nd,New Mexico,D,Agriculture|Armed Services,https://vasquez.house.gov/media/press-releases,press releases,direct,success,
"Veasey, Marc",https://veasey.house.gov,Texas 33rd,Texas,D,Energy and Commerce,https://veasey.house.gov/media-center/press-releases,press releases,direct,success,
"Walberg, Tim",https://walberg.house.gov/,Michigan 5th,Michigan,R,Education and Workforce|Natural Resources,https://walberg.house.gov/media/press-releases,press releases,direct,success,
"Wagner, Ann",https://wagner.house.gov,Missouri 2nd,Missouri,R,Financial Services|Intelligence,https://wagner.house.gov/media-center/press-releases,press releases,direct,success,
"Velazquez, Nydia",https://velazquez.house.gov,New York 7th,New York,D,Financial Services|Small Business,https://velazquez.house.gov/media-center/press-releases,press releases,direct,success,
"Watson Coleman, Bonnie",https://watsoncoleman.house.gov/,New Jersey 12th,New Jersey,D,Appropriations|Budget,https://watsoncoleman.house.gov/newsroom/press-releases,press-releases,direct,success,
"Waters, Maxine",https://waters.house.gov,California 43rd,California,D,Financial Services,https://waters.house.gov/media-center/press-releases,press-releases,direct,success,
"Vindman, Eugene",https://vindman.house.gov/,Virginia 7th,Virginia,D,Agriculture|Armed Services,https://vindman.house.gov/category/press-releases,NEWS,direct,success,
"Walkinshaw, James",https://walkinshaw.house.gov/,Virginia 11th,Virginia,D,Oversight and Government Reform|Homeland Security,https://walkinshaw.house.gov/news/documentquery.aspx?DocumentTypeID=27,Press Releases,via_menu:MEDIA,success,
"Webster, Daniel",https://webster.house.gov/,Florida 11th,Florida,R,"Natural Resources|Transportation and Infrastructure|Science, Space, and Technology",https://webster.house.gov/press-releases,press-releases,direct,success,
"Whitesides, George",https://whitesides.house.gov/,California 27th,California,D,"Armed Services|Science, Space, and Technology",https://whitesides.house.gov/category/press-releases/,press-releases,direct,success,
"Wasserman Schultz, Debbie",https://wassermanschultz.house.gov/,Florida 25th,Florida,D,Appropriations,https://wassermanschultz.house.gov/news/documentquery.aspx?DocumentTypeID=27,Press Releases,via_menu:MEDIA CENTER,success,
"Westerman, Bruce",https://westerman.house.gov/,Arkansas 4th,Arkansas,R,Natural Resources|Transportation and Infrastructure,https://westerman.house.gov/media-center/press-releases,press releases,direct,success,
"Wied, Tony",https://wied.house.gov/,Wisconsin 8th,Wisconsin,R,Agriculture|Transportation and Infrastructure|Small Business,https://wied.house.gov/media/press-releases,press-releases,direct,success,
"Williams, Roger",https://williams.house.gov,Texas 25th,Texas,R,Financial Services|Small Business,https://williams.house.gov/media-center/press-releases,press releases,direct,success,
"Weber, Randy",https://weber.house.gov,Texas 14th,Texas,R,"Energy and Commerce|Science, Space, and Technology",https://weber.house.gov/news/documentquery.aspx?DocumentTypeID=27,Press Releases,via_menu:MEDIA,success,
"Wittman, Robert",https://wittman.house.gov/,Virginia 1st,Virginia,R,Armed Services|Natural Resources|Select Comm on the Strategic Competition US and China,https://wittman.house.gov/news/documentquery.aspx?DocumentTypeID=2670,,,not_found,
"Williams, Nikema",https://nikemawilliams.house.gov,Georgia 5th,Georgia,D,Financial Services,https://nikemawilliams.house.gov/press,,,not_found,
"Wilson, Frederica",https://wilson.house.gov/,Florida 24th,Florida,D,Education and Workforce|Transportation and Infrastructure,https://wilson.house.gov/media/press-releases,press-releases,direct,success,
"Wilson, Joe",https://joewilson.house.gov/,South Carolina 2nd,South Carolina,R,Armed Services|Education and Workforce|Foreign Affairs,https://joewilson.house.gov/media/press-releases,press releases,direct,success,
"Womack, Steve",https://womack.house.gov/,Arkansas 3rd,Arkansas,R,Appropriations,https://womack.house.gov/news/documentquery.aspx?DocumentTypeID=2067,Press Releases,via_menu:VIEW ALL NEWS,success,
"Zinke, Ryan",https://zinke.house.gov,Montana 1st,Montana,R,Appropriations|Foreign Affairs,https://zinke.house.gov/media/press-releases,"MEDIA
»",direct,success,
"Yakym, Rudy",https://yakym.house.gov,Indiana 2nd,Indiana,R,Ways and Means,https://yakym.house.gov/press,,,not_found,
